{
  "mockpreview": {
    "mockUri": "",
    "metadataFilePath": "",
    "loadJSONFiles": false,
    "loadCustomRequests": false,
    "mockRequestsFilePath": ""
  },
  "deploy": {
    "destination": "HFD",
    "name": "ZHCM_FSS_0633"
  },
  "extensibility": {
    "controllers": {
      "App": "HCMFAB_TCAL_MON%2fcontroller%2fApp.controller.js",
      "Calendar": "HCMFAB_TCAL_MON%2fcontroller%2fCalendar.controller.js"
    },
    "views": {
      "App": "HCMFAB_TCAL_MON%2fview%2fApp.view.xml",
      "Calendar": "HCMFAB_TCAL_MON%2fview%2fCalendar.view.xml"
    },
    "fragments": {},
    "type": "abaprep",
    "shouldLinkComponentToManifest": true,
    "component": "HCMFAB_TCAL_MON%2fComponent.js",
    "manifest": "HCMFAB_TCAL_MON%2fmanifest.json",
    "versionJsonPath": "HCMFAB_TCAL_MON%2fversion.json",
    "minUI5Version": "1.44.9"
  }
}