{
  "welcomeFile": "index.html",
  "routes": [
    {
      "path": "/sap/opu/odata",
      "target": {
        "type": "destination",
        "name": "HFD",
        "entryPath": "/sap/opu/odata"
      },
      "description": "HFD"
    },
    {
      "path": "/sap/bc/ui5_ui5",
      "target": {
        "type": "destination",
        "name": "HFD",
        "entryPath": "/sap/bc/ui5_ui5"
      },
      "description": "HFD"
    },
    {
      "path": "/resources",
      "target": {
        "type": "service",
        "name": "sapui5",
        "entryPath": "/resources"
      },
      "description": "SAPUI5 Resources"
    },
    {
      "path": "/test-resources",
      "target": {
        "type": "service",
        "name": "sapui5",
        "entryPath": "/test-resources"
      },
      "description": "SAPUI5 Test Resources"
    },
    {
      "path": "/resources/hcm/fab/myteamcalendar",
      "target": {
        "type": "destination",
        "name": "HFD",
        "entryPath": "/sap/bc/ui5_ui5/sap/hcmfab_tcal_mon",
        "preferLocal": true
      },
      "description": "hcm/fab/myteamcalendar Reuse Library"
    },
    {
      "path": "/resources/hcm/fab/lib/common",
      "target": {
        "type": "destination",
        "name": "HFD",
        "entryPath": "/sap/bc/ui5_ui5/sap/hcmfab_common",
        "preferLocal": true
      },
      "description": "hcm/fab/lib/common Reuse Library"
    }
  ]
}